title,imgurl,orgPrice,price,sale
ins超火的鞋子小白鞋女学生韩版平底chic韩风女运动鞋女百搭黑色秋季新款板鞋女超纤,https://s11.mogucdn.com/mlcdn/17f85e/181004_207j3022e3hilb309k1agjka4f7cg_640x960.jpg,98,56,29
title,imgurl,orgPrice,price,sale
ins超火的鞋子小白鞋女学生韩版平底chic韩风女运动鞋女百搭黑色秋季新款板鞋女超纤,https://s11.mogucdn.com/mlcdn/17f85e/181004_207j3022e3hilb309k1agjka4f7cg_640x960.jpg,98,56,29
title,imgurl,orgPrice,price,sale
运动鞋女韩版学生小白鞋新款女百搭休闲鞋女学院内增高女鞋老爹鞋女ins跑步鞋女透气轻便,https://s11.mogucdn.com/mlcdn/c45406/180815_5kb4bdbf76f2g5h3cdc712d5b0198_640x960.jpg,131,76,452
title,imgurl,orgPrice,price,sale
女英伦风百搭粗跟短靴2018秋冬新款复古后拉链短筒磨砂显瘦单靴子女春秋,https://s11.mogucdn.com/mlcdn/c45406/181004_2b6528ij0j4e3dcah35jcabldkadl_640x960.jpg,112.86,67.71,1089
title,imgurl,orgPrice,price,sale
蓓尔星星小脏鞋女2018新款韩版百搭板鞋秋季小白鞋原宿ulzzang脏脏鞋港风休闲鞋女鞋,https://s11.mogucdn.com/mlcdn/c45406/181009_45ajgj3a75idja37i9ik94c0d1a7h_640x960.jpg,139.8,69.9,535
title,imgurl,orgPrice,price,sale
2018秋冬新款百搭磨砂学生短筒靴子女短靴chic系带英伦风马丁靴女秋季沙漠靴,https://s11.mogucdn.com/mlcdn/c45406/180921_4k867a42fae4g70hj89385kehe0g9_640x960.jpg,112.86,66.9,2568
title,imgurl,orgPrice,price,sale
马丁靴女秋冬季2018新款短筒鞋子韩版百搭女英伦风侧拉链chic复古短靴,https://s11.mogucdn.com/mlcdn/c45406/181020_1ib7gikhdi368cc2d4c91e506cl02_640x960.jpg,112.86,79,0
title,imgurl,orgPrice,price,sale
ins帆布鞋女超火学生韩版百搭原宿潮ulzzang复古港味街拍chic板鞋,https://s11.mogucdn.com/mlcdn/17f85e/180823_48i95g4cfj0k19li8hg510hf8akk7_640x960.jpg,36.8,29.8,1270
title,imgurl,orgPrice,price,sale
2018夏季拼接小白鞋新款女百搭厚底增高透气休闲鞋女ins超火的鞋子韩版系带学生原宿鞋子女,https://s11.mogucdn.com/mlcdn/c45406/180808_1i75kjkg45g4ge36i0ckc966geeha_640x960.jpg,99,60,2558
title,imgurl,orgPrice,price,sale
靴子女2018秋季新款英伦风前拉链粗跟短靴女韩版百搭复古chic马丁靴,https://s11.mogucdn.com/mlcdn/c45406/180918_1830la39bi915k4a533iec5fbgg49_640x960.jpg,98.58,69,2890
title,imgurl,orgPrice,price,sale
秋季新品鞋子女秋韩版运动鞋女百搭圆头合成革学生平底休闲跑步鞋女厚底低帮系带女鞋,https://s11.mogucdn.com/mlcdn/c45406/180918_49ac7dchigb4ea4fb72e3kgb80112_640x960.jpg,165,99,259
title,imgurl,orgPrice,price,sale
森茂马丁靴女秋季运动鞋女百搭圆头高帮鞋女韩版ins超火的鞋子女街头风街拍原宿休闲鞋,https://s11.mogucdn.com/mlcdn/c45406/180928_4b1431hjkl3kkc72c5dl7ja9gk128_640x960.jpg,195,99,16
title,imgurl,orgPrice,price,sale
GD同款欧美秋季新款弹力袜子鞋休闲高帮情侣鞋运动鞋厚底女潮鞋,https://s11.mogucdn.com/mlcdn/c45406/181019_05h1kb980gf911i9j760fc0k715l6_640x960.jpg,99,69,345
title,imgurl,orgPrice,price,sale
运动鞋女韩版学生小白鞋新款女百搭休闲鞋女学院内增高女鞋老爹鞋女ins跑步鞋女透气轻便,https://s11.mogucdn.com/mlcdn/c45406/180815_0jh55k7f8j4jah4771a14b1gfg6lf_640x960.jpg,131,76,452
title,imgurl,orgPrice,price,sale
2018秋季小白鞋新款女百搭皮面透气厚底学生板鞋女低帮原宿休闲鞋女韩版系带小清新轻便女鞋子,https://s11.mogucdn.com/mlcdn/c45406/180817_56if893963da7fdd81cfd7j4l6gab_640x960.jpg,99,60,2476
title,imgurl,orgPrice,price,sale
2018女鞋秋冬新款韩版弹力厚底毛线靴子女短靴系带英伦风马丁靴女秋季,https://s11.mogucdn.com/mlcdn/c45406/180917_526ec6ea08i005b71h6eb1ee8h4cd_640x960.jpg,127.15,89,5994
title,imgurl,orgPrice,price,sale
英伦风布洛克圆头厚底金属铆钉装饰及踝马丁靴百搭款学生女靴秋冬款ins红人同款短靴切尔西靴,https://s11.mogucdn.com/mlcdn/c45406/181017_75k6kfcdl5l415h5ahik77535j3eh_640x960.jpg,140,89.9,25
title,imgurl,orgPrice,price,sale
环球女鞋平底情侣款经典帆布鞋子韩版高帮休闲小白鞋新款女百搭学生布鞋原宿街拍休闲鞋,https://s11.mogucdn.com/mlcdn/17f85e/180612_7kjk351cbi7c4eb4g8ghag99ci0gh_640x960.jpg,98,46,3189
title,imgurl,orgPrice,price,sale
网红同款靴子女2018新款百搭前拉链磨砂粗跟短靴英伦风黑色瘦瘦靴女秋韩版,https://s11.mogucdn.com/mlcdn/c45406/180928_3hi103i0bj8bfclh5jgc3jdg924d9_640x960.jpg,112.86,79,557
title,imgurl,orgPrice,price,sale
运动鞋女百搭夏2018新款韩版ulzzang老爹鞋女原宿ins超火的丑鞋子,https://s11.mogucdn.com/mlcdn/c45406/180803_0fig2e1a59iik8dcff11949ll41a9_640x960.jpg,110,77,4684
title,imgurl,orgPrice,price,sale
毛毛鞋单鞋18秋季新款韩版貂绒平底懒人鞋加绒休闲豆豆鞋女鞋子,https://s11.mogucdn.com/mlcdn/c45406/171003_7262i2ed5e6k2b1bg192ecl325620_640x960.jpg,122,85.4,175
title,imgurl,orgPrice,price,sale
韩版甜美公主学生短筒粗跟中跟短靴女秋冬新款百搭裸靴小清新乖巧学生鞋内里加厚保暖冬季女鞋子,https://s11.mogucdn.com/mlcdn/c45406/181009_3h0l1i0801b7jl2i21ei33177edji_640x960.jpg,135.72,95,0
title,imgurl,orgPrice,price,sale
瘦腿弹力靴子女平底长筒靴2018韩版百搭学生秋冬季新款女鞋英伦风过膝长靴女高跟加绒高筒薄靴,https://s11.mogucdn.com/mlcdn/c45406/171204_66lhg29h4l7d1g68kef8hj0fi09lh_640x960.jpg,299,118,912
title,imgurl,orgPrice,price,sale
chic马丁靴女英伦风2018秋季新款学生韩版百搭短靴女鞋复古短筒靴子冬,https://s11.mogucdn.com/mlcdn/c45406/181005_2jfc7aieglh9c82fbile641flbbg3_640x960.jpg,112.86,67.71,777
title,imgurl,orgPrice,price,sale
ins靴子女学生2018秋季新款韩版百搭复古马丁靴女英伦风粗跟系带chic短靴,https://s11.mogucdn.com/mlcdn/c45406/180911_4cakd0lghe2c46bc3j61afdg5c668_640x960.jpg,98.57,68.99,2112
title,imgurl,orgPrice,price,sale
蓓尔明星同款秋季韩版百搭小白鞋平底白色系带学生板鞋女鞋运动休闲鞋,https://s11.mogucdn.com/mlcdn/c45406/181007_600clh90b376bedljhkcl6ik6b055_640x960.jpg,139.8,69.9,1778
title,imgurl,orgPrice,price,sale
2018新款韩版英伦平底低帮雪地靴防滑冬季保暖面包鞋学生情侣款经典百搭加绒潮男女棉鞋,https://s11.mogucdn.com/mlcdn/c45406/170922_7hikhkfgkjgc3kjhfgf5h47h68k6d_640x960.jpg,71.29,49.9,145
title,imgurl,orgPrice,price,sale
运动鞋女韩版原宿ulzzang秋季2018新款鞋子网红百搭休闲老爹女鞋,https://s11.mogucdn.com/mlcdn/c45406/180924_16iig8kd4g95j20hik91afa79caa4_640x960.jpg,99,69,185
title,imgurl,orgPrice,price,sale
森茂秋季新品运动鞋女百搭学生休闲鞋女韩版低帮平底跑步鞋女轻便chic女鞋ins超火的鞋子女,https://s11.mogucdn.com/mlcdn/c45406/180930_3700kbeal619hbeig5730f3a8dj4d_640x960.jpg,144,83.52,106
title,imgurl,orgPrice,price,sale
靴子女2018秋季新款系带原宿马丁靴女学生英伦风粗跟复古百搭短靴,https://s11.mogucdn.com/p2/uni/170902/3fx8zi_271b3847iacd624c9a7870db1hh1g_640x960.jpg,112.86,79,8510
title,imgurl,orgPrice,price,sale
ins超火运动鞋女百搭女透气学院风休闲鞋女平底系带小白鞋韩版女鞋秋季新款chic韩风女,https://s11.mogucdn.com/mlcdn/c45406/180829_7e0g0l4fdj7576g1dehl0kfaha0a6_640x960.jpg,140,84,102
title,imgurl,orgPrice,price,sale
黑色运动鞋女百搭圆头网红ins超火的鞋子女秋韩版学生休闲跑步鞋新款冬季加绒,https://s11.mogucdn.com/mlcdn/c45406/171106_5g33ff3b7ic6kcebd1gf38fj85l21_640x960.jpg,144,86.4,253
title,imgurl,orgPrice,price,sale
蓓尔新款英伦风雪地靴女豆豆鞋面包鞋2018冬季加绒加厚保暖短靴韩版厚底棉鞋系带韩版百搭女鞋,https://s11.mogucdn.com/mlcdn/17f85e/181020_6e2i44643ggbblfkbhhjb8lgd5dd3_640x960.jpg,158,79,53
title,imgurl,orgPrice,price,sale
街拍网红靴子女2018秋季新款英伦风复古短靴女学生粗跟系带百搭马丁靴,https://s11.mogucdn.com/mlcdn/c45406/180815_2bh1j7g48h11506ci47a979d1gih7_640x960.jpg,112.87,79,5055
title,imgurl,orgPrice,price,sale
老爹鞋女2018夏季韩版原宿ulzzang百搭学生透气ins超火的运动鞋子,https://s11.mogucdn.com/mlcdn/c45406/180710_50i957ajfd7c29a2jkaag01f1441l_640x960.jpg,110,77,1725
title,imgurl,orgPrice,price,sale
靴子女秋冬2018新款百搭粗跟中跟网红瘦瘦靴女英伦风侧拉链复古短靴,https://s11.mogucdn.com/mlcdn/c45406/181002_4a8gefbg6438hg4dkj207f04jiihe_640x960.jpg,112.86,67.71,701
title,imgurl,orgPrice,price,sale
韩版甜美单鞋2018年秋季新款女鞋豆豆鞋圆头绒面毛毛球浅口平底铆钉懒人单鞋休闲鞋,https://s11.mogucdn.com/mlcdn/c45406/180815_7ckdffadi5h37ce56l37a3ki1eh0b_640x960.jpg,99,69.3,812
title,imgurl,orgPrice,price,sale
小白鞋新款女百搭休闲鞋女学生韩版运动鞋ins女跑步鞋女透气轻便chic韩风女鞋子女,https://s11.mogucdn.com/mlcdn/c45406/180819_3jgkbki2dcfik0a2g7jb34eabighd_640x960.jpg,133,79.8,251
title,imgurl,orgPrice,price,sale
蓓尔秋季新款纯色小白鞋女韩版明星同款极简百搭女鞋子透气超纤皮面运动休闲鞋街拍热卖学生板鞋,https://s11.mogucdn.com/mlcdn/c45406/181006_37ilh1d14985fkk6j8j32hf77l5cf_640x960.jpg,139.8,69.9,865
title,imgurl,orgPrice,price,sale
2018新款韩版磨砂潮靴中跟粗跟短靴女靴秋冬加毛保暖甜美少女短筒百搭马丁靴学生侧拉链大小码,https://s11.mogucdn.com/mlcdn/c45406/180907_51af16464h6g6a17h1f6k6k4k03kd_868x1302.jpg,121.43,85,249
title,imgurl,orgPrice,price,sale
2018秋季新款时尚百搭粗跟女士小单鞋立体蝴蝶结外穿逛街通勤女鞋低跟鞋浅口单鞋,https://s11.mogucdn.com/mlcdn/c45406/180901_03c038jhh7beflkegljall8bjflhd_640x960.jpg,94,65,56
title,imgurl,orgPrice,price,sale
个性短靴女春秋2018新款韩版百搭粗跟袜靴女中跟针织弹力靴女,https://s11.mogucdn.com/mlcdn/c45406/180824_13dk79e7c40f6927ck5c78j1j7ig0_640x960.jpg,110,77,1463
title,imgurl,orgPrice,price,sale
高邦帆布鞋女学生韩版原宿ulzzang女平跟不加绒学院派板女鞋高帮鞋,https://s11.mogucdn.com/mlcdn/17f85e/181014_0cg019g42g910ii69h2b98dfdfabi_640x960.jpg,68.43,47.9,339
title,imgurl,orgPrice,price,sale
女鞋秋冬新款百搭粗跟沙漠靴子女短靴系带磨砂chic英伦风马丁靴女秋季瘦瘦靴,https://s11.mogucdn.com/mlcdn/c45406/170901_1jcl0518d7731428d74488fd567af_640x960.jpg,112.86,67.71,2732
title,imgurl,orgPrice,price,sale
环球女鞋平底情侣款经典帆布鞋子韩版高帮休闲小白鞋新款女百搭学生布鞋原宿街拍休闲鞋,https://s11.mogucdn.com/mlcdn/c45406/170512_0le6c456je70dc1k8iagg7e0l62h8_640x960.jpg,98,46,3189
title,imgurl,orgPrice,price,sale
秋冬季长靴子女显瘦腿弹力靴高跟2018韩版百搭新款过膝长靴女加绒学生高筒长筒靴子平底女鞋,https://s11.mogucdn.com/mlcdn/c45406/181001_06ldf2i66a30kg0ebibflhj8ji01c_640x960.jpg,299,98,462
title,imgurl,orgPrice,price,sale
明星同款2018秋冬韩版新款短筒马丁靴潮女短靴高跟粗跟尖头百搭加绒英伦风气质时尚踝靴及裸靴,https://s11.mogucdn.com/mlcdn/c45406/180903_7c5e13l328k9h3akj5hede9j47819_640x960.jpg,105,73.5,215
title,imgurl,orgPrice,price,sale
蓓尔2018冬季新款麂皮绒雪地靴女短筒韩版加绒加厚保暖短靴搭扣厚底面包鞋百搭学生棉靴女鞋潮,https://s11.mogucdn.com/mlcdn/17f85e/181020_8gfab50kaf0h042f2bkib71je3gic_640x960.jpg,158,79,34
title,imgurl,orgPrice,price,sale
ins超火的鞋子小白鞋新款女休闲鞋女百搭系带运动鞋女韩版学生跑步鞋女透气轻便chic韩风女,https://s11.mogucdn.com/mlcdn/c45406/180907_8d27l27b06f4el0jlb0f8gieb1l28_640x960.jpg,133,77,425
title,imgurl,orgPrice,price,sale
马丁靴女英伦风2018新款学生韩版百搭厚底机车靴子冬chic增高短靴女秋季,https://s11.mogucdn.com/mlcdn/c45406/181003_0jde0bc2ga7e68jk0g5184fk48ae3_640x960.jpg,127.15,76.29,863
title,imgurl,orgPrice,price,sale
厚底软妹老爹鞋女2018运动鞋女韩版ulzzang原宿百搭学生休闲女鞋,https://s11.mogucdn.com/mlcdn/c45406/180724_182a58l5b2e4f47l275fb06955fl9_640x960.jpg,110,77,865
title,imgurl,orgPrice,price,sale
小红人108元2件新款女鞋子低跟粗跟单鞋女方头1.2cm韩版百搭复古一脚蹬豆豆鞋女3505,https://s11.mogucdn.com/mlcdn/c45406/180906_0g41635fd10jaf9akihekcbb3j5a6_640x960.jpg,245.02,65,138
title,imgurl,orgPrice,price,sale
ins帆布鞋女2018新款学生韩版小白鞋原宿百搭ulzzang板鞋chic鞋子女鞋,https://s11.mogucdn.com/mlcdn/c45406/180915_8ef5ib8l68dd8c2i2k546fagefl49_640x960.jpg,57,39.9,33
title,imgurl,orgPrice,price,sale
靴子女百搭2018秋冬新款系带弹力袜子靴厚底短靴chic英伦风马丁靴女秋季,https://s11.mogucdn.com/mlcdn/c45406/180928_07j1207bfklc2gdifdaadh5e9630a_640x960.jpg,141.43,99,481
title,imgurl,orgPrice,price,sale
秋季新款纯色小白鞋女韩版明星同款原宿风厚底百搭女鞋子透气超纤皮面运动休闲鞋街拍热卖学生板鞋,https://s11.mogucdn.com/mlcdn/c45406/180925_014hli20674142caeekf2hj5d81gh_640x960.jpg,131,77,146
title,imgurl,orgPrice,price,sale
2018新款马丁靴女英伦风学生韩版百搭ins厚底女靴春秋季chic短靴子冬,https://s11.mogucdn.com/mlcdn/c45406/180919_3949j8d5b8ljl19hhjfl003c90gaj_640x960.jpg,127.15,89,2306
title,imgurl,orgPrice,price,sale
18新款坡跟厚底内增高高筒靴女黑色瘦腿弹力女靴防水台后系带短靴韩版百搭女靴,https://s11.mogucdn.com/mlcdn/c45406/181017_476l5b13c3l5f56k7607632if480l_640x960.jpg,135,94.5,2
title,imgurl,orgPrice,price,sale
回力女鞋帆布鞋2018春夏季透气韩版百搭小白鞋 ulzzang原宿学生鞋,https://s11.mogucdn.com/mlcdn/c45406/180909_540fchji96l1445c8l4i7afdaj1kd_640x960.jpg,198,99,115
title,imgurl,orgPrice,price,sale
软妹运动鞋女百搭小白鞋ins超火的鞋子老爹鞋女韩版新款学生港味街拍板鞋原宿风女鞋,https://s11.mogucdn.com/mlcdn/c45406/180304_06fa049cak91275h94019k5558aa7_640x960.jpg,110,77,2299
title,imgurl,orgPrice,price,sale
韩范方头裸靴子时尚百搭通勤女鞋34小码粗跟短靴欧美性感黑色高跟鞋女加绒软皮靴,https://s11.mogucdn.com/mlcdn/c45406/180810_27dfj7ac5d8l62kfd3k21ekbl23f2_640x960.jpg,260,182,124
title,imgurl,orgPrice,price,sale
ins超火的鞋子运动鞋女百搭韩版学生秋季新款厚底chic韩风女小白鞋休闲鞋平底皮面板鞋,https://s11.mogucdn.com/mlcdn/c45406/180918_1ah464ddlajfi4clb30c10l51dfh6_640x960.jpg,165,95,254
title,imgurl,orgPrice,price,sale
森茂秋季新品ins超火的爆款休闲板鞋平底系带学院风运动跑步女鞋,https://s11.mogucdn.com/mlcdn/c45406/180319_4705fj167da4bfkijg1d2eff2cg5a_640x960.jpg,79.8,79.8,26
title,imgurl,orgPrice,price,sale
特特2018冬季新款毛毛球平底时尚显瘦显白女雪地靴平底防滑女短靴短筒女鞋,https://s11.mogucdn.com/mlcdn/c45406/181011_42la7075i6fhhkk1e0916lahldgfa_640x960.jpg,99,69.3,0
title,imgurl,orgPrice,price,sale
靴子女2018新款韩版百搭马丁靴英伦风chic学生厚底高帮系带短靴单靴女秋季,https://s11.mogucdn.com/mlcdn/c45406/180927_29ahj6afd3g2kbkeaj28c2i919hah_640x960.jpg,127.15,76.29,757
title,imgurl,orgPrice,price,sale
个性短靴女春秋2018新款韩版百搭粗跟袜靴女中跟针织弹力靴女,https://s11.mogucdn.com/mlcdn/c45406/180824_13dk79e7c40f6927ck5c78j1j7ig0_640x960.jpg,110,77,1463
title,imgurl,orgPrice,price,sale
小皮鞋女2018秋季新款平底单鞋女学院风复古方头豆豆鞋一脚蹬懒人女鞋子,https://s11.mogucdn.com/mlcdn/c45406/180924_664b21fk7aic9dch39cebfkb40agj_640x960.jpg,99,67,156
title,imgurl,orgPrice,price,sale
前拉链短靴女2018秋冬新款百搭拼色女靴子瘦瘦马丁靴加绒机车靴潮,https://s11.mogucdn.com/mlcdn/c45406/180925_2g4def21a8d0h22326ehcaaccdjkd_640x960.jpg,113,75,316
title,imgurl,orgPrice,price,sale
ins超火运动鞋女百搭女透气学院风休闲鞋女平底系带小白鞋韩版女鞋秋季新款chic韩风女,https://s11.mogucdn.com/mlcdn/17f85e/181006_05i7kgij90cge3a96lgk0eaab8b75_640x960.jpg,140,84,101
title,imgurl,orgPrice,price,sale
【有网面】春秋款透气韩版风ins超火的女鞋子厚底系带运动鞋女百搭休闲增高小白鞋老爹鞋跑步鞋,https://s11.mogucdn.com/mlcdn/c45406/180724_0i65d2hg714kfac7cfdgcjibcgbc1_640x960.jpg,140,89.9,8522
title,imgurl,orgPrice,price,sale
马丁靴女前拉链英伦风2018秋冬新款韩版百搭学生短靴短筒女鞋靴子,https://s11.mogucdn.com/mlcdn/c45406/181010_4ib2c04eb3cah7h35c9a44124964b_640x960.jpg,112.86,79,76
title,imgurl,orgPrice,price,sale
拼接切尔西靴子女短靴秋季2018新款粗跟弹力靴显瘦短筒及踝单靴,https://s11.mogucdn.com/mlcdn/c45406/180922_13ef5e3li30gc568h9ich4g883e2k_640x960.jpg,110,77,101
title,imgurl,orgPrice,price,sale
磨砂短靴女秋冬2018新款韩版百搭秋季粗跟马丁靴冬天鞋子高跟,https://s11.mogucdn.com/mlcdn/c45406/180826_6761cdj8ed4dg4j60l67h72d3791b_640x960.jpg,99,69.3,41
title,imgurl,orgPrice,price,sale
棉鞋女2018新款潮秋冬季百搭平底学生魔术贴休闲韩版加厚绒毛毛鞋女冬鞋防滑帆布鞋子女板鞋,https://s11.mogucdn.com/mlcdn/c45406/171013_4li7gf06jh6jig9b4j5cd5647kdga_640x960.jpg,114,79.8,186
title,imgurl,orgPrice,price,sale
瘦腿弹力靴子女平底长筒靴2018韩版百搭学生秋冬季新款女鞋英伦风过膝长靴女高跟加绒高筒薄靴,https://s11.mogucdn.com/mlcdn/c45406/171204_66lhg29h4l7d1g68kef8hj0fi09lh_640x960.jpg,299,118,912
title,imgurl,orgPrice,price,sale
英伦风复古拼接字母厚底飞织弹力布短靴显瘦款切尔西靴时尚百搭袜子靴简便款平底马丁靴及踝靴女靴,https://s11.mogucdn.com/mlcdn/c45406/180808_159j338hidifja6d5f42hka04218a_640x960.jpg,140,89.9,1786
title,imgurl,orgPrice,price,sale
ins女鞋港风超火韩版小白鞋2018秋季新款网红休闲单鞋ulzzang蝴蝶结百搭学生乐福鞋,https://s11.mogucdn.com/mlcdn/c45406/180811_6g9fif6cdl61a6h5h9ab5b5f8f681_640x960.jpg,112.86,79,859
title,imgurl,orgPrice,price,sale
萌萌哒低帮雪地靴女豆豆棉鞋面包鞋女冬季加绒加厚短靴英伦风学生防滑磨砂平底圆头系带韩版百搭潮,https://s11.mogucdn.com/mlcdn/c45406/180903_82ik5bfhbfakgad9aafi67l303lci_640x960.jpg,127.15,89,41
title,imgurl,orgPrice,price,sale
人本高帮帆布鞋女 2018新款学生韩版原宿百搭黑色板鞋子ulzzang8289+8635,https://s11.mogucdn.com/mlcdn/c45406/181010_294il90k3dg0ik1945lcfl9kg5286_640x960.jpg,139,59,32
